{
  "_generated": "Generated by SweetTooth, do not edit",
  "description": "Set the number of columns in the \"applications grid\" view (by default, the maximum is only 6)",
  "gettext-domain": "set-columns",
  "name": "More columns in applications view",
  "settings-schema": "org.gnome.shell.extensions.set-columns",
  "shell-version": [
    "3.18",
    "3.20",
    "3.22",
    "3.24",
    "3.26",
    "3.28",
    "3.30",
    "3.34",
    "3.32",
    "3.36"
  ],
  "url": "",
  "uuid": "set-columns@maestroschan.fr",
  "version": 2
}