{
  "_generated": "Generated by SweetTooth, do not edit", 
  "description": "Configure custom screen Hot Corners for opening apps, showing the overview, showing the desktop, or running commands. Inspired by the discontinued HotCornDog extension. Please report issues here: https://gitlab.com/eccheng/customcorner/issues", 
  "name": "CustomCorner", 
  "shell-version": [
    "3.16", 
    "3.18"
  ], 
  "url": "https://gitlab.com/eccheng/customcorner", 
  "uuid": "customcorner@eccheng.gitlab.com", 
  "version": 3
}