<schemalist gettext-domain="gnome-shell-extensions">
  <enum id="org.gnome.shell.extensions.unite.buttonsTheme">
    <value value="0" nick="default-dark" />
    <value value="1" nick="default-light" />
    <value value="2" nick="ambiance" />
    <value value="3" nick="radiance" />
    <value value="4" nick="arc-dark" />
    <value value="5" nick="arc-light" />
    <value value="6" nick="united-dark" />
    <value value="7" nick="united-light" />
    <value value="8" nick="materia-dark" />
    <value value="9" nick="materia-light" />
    <value value="10" nick="osx-arc" />
    <value value="11" nick="vertex" />
    <value value="12" nick="pop-dark" />
    <value value="13" nick="pop-light" />
    <value value="14" nick="vimix" />
    <value value="15" nick="yaru" />
    <value value="16" nick="arrongin" />
    <value value="17" nick="telinkrin" />
    <value value="18" nick="breeze" />
    <value value="19" nick="prof-gnome" />
  </enum>

  <enum id="org.gnome.shell.extensions.unite.hideTitlebars">
    <value value="0" nick="never" />
    <value value="1" nick="tiled" />
    <value value="2" nick="maximized" />
    <value value="3" nick="both" />
    <value value="4" nick="always" />
  </enum>

  <enum id="org.gnome.shell.extensions.unite.showTitle">
    <value value="0" nick="never" />
    <value value="1" nick="tiled" />
    <value value="2" nick="maximized" />
    <value value="3" nick="both" />
    <value value="4" nick="always" />
  </enum>

  <enum id="org.gnome.shell.extensions.unite.showButtons">
    <value value="0" nick="never" />
    <value value="1" nick="tiled" />
    <value value="2" nick="maximized" />
    <value value="3" nick="both" />
    <value value="4" nick="always" />
  </enum>

  <enum id="org.gnome.shell.extensions.unite.notificationsPosition">
    <value value="0" nick="center" />
    <value value="1" nick="left" />
    <value value="2" nick="right" />
  </enum>

  <enum id="org.gnome.shell.extensions.unite.hideActivitiesButton">
    <value value="0" nick="never" />
    <value value="1" nick="auto" />
    <value value="2" nick="always" />
  </enum>

  <schema id="org.gnome.shell.extensions.unite" path="/org/gnome/shell/extensions/unite/">
    <key name="use-system-fonts" type="b">
      <default>true</default>
      <summary>Apply system fonts to shell interface.</summary>
    </key>

    <key name="extend-left-box" type="b">
      <default>true</default>
      <summary>Extend top bar left box.</summary>
    </key>

    <key name="show-legacy-tray" type="b">
      <default>true</default>
      <summary>Legacy tray icons in top bar.</summary>
    </key>

    <key name="greyscale-tray-icons" type="b">
      <default>false</default>
      <summary>Convert legacy tray icons to greyscale.</summary>
    </key>

    <key name="autofocus-windows" type="b">
      <default>true</default>
      <summary>Autofocus windows that demand attention.</summary>
    </key>

    <key name="show-desktop-name" type="b">
      <default>true</default>
      <summary>Show desktop name in top bar.</summary>
    </key>

    <key name="desktop-name-text" type="s">
      <default>"GNOME Desktop"</default>
      <summary>Set the top bar desktop name text.</summary>
    </key>

    <key name="restrict-to-primary-screen" type="b">
      <default>true</default>
      <summary>Restrict functionalities to the primary screen.</summary>
    </key>

    <key name="hide-dropdown-arrows" type="b">
      <default>true</default>
      <summary>Hide top bar dropdown arrows.</summary>
    </key>

    <key name="hide-aggregate-menu-arrow" type="b">
      <default>false</default>
      <summary>Hide aggregate menu dropdown arrow.</summary>
    </key>

    <key name="hide-app-menu-arrow" type="b">
      <default>true</default>
      <summary>Hide app menu dropdown arrow.</summary>
    </key>

    <key name="hide-app-menu-icon" type="b">
      <default>true</default>
      <summary>Hide app menu application icon.</summary>
    </key>

    <key name="reduce-panel-spacing" type="b">
      <default>true</default>
      <summary>Reduce top bar items spacing.</summary>
    </key>

    <key name="window-buttons-placement" type="s">
      <default>"auto"</default>
      <summary>Top bar window buttons position.</summary>
    </key>

    <key name="show-window-title" enum="org.gnome.shell.extensions.unite.showTitle">
      <default>"maximized"</default>
      <summary>Use window title to replace the app-menu label.</summary>
    </key>

    <key name="show-window-buttons" enum="org.gnome.shell.extensions.unite.showButtons">
      <default>"maximized"</default>
      <summary>Active window bottons in top bar.</summary>
    </key>

    <key name="window-buttons-theme" enum="org.gnome.shell.extensions.unite.buttonsTheme">
      <default>"default-dark"</default>
      <summary>Top bar window buttons theme.</summary>
    </key>

    <key name="hide-window-titlebars" enum="org.gnome.shell.extensions.unite.hideTitlebars">
      <default>"maximized"</default>
      <summary>Select windows state to hide titlebars.</summary>
    </key>

    <key name="notifications-position" enum="org.gnome.shell.extensions.unite.notificationsPosition">
      <default>"right"</default>
      <summary>Select notification messages position.</summary>
    </key>

    <key name="hide-activities-button" enum="org.gnome.shell.extensions.unite.hideActivitiesButton">
      <default>"auto"</default>
      <summary>Hide top bar activities button.</summary>
    </key>
  </schema>
</schemalist>
